depth_index,fraction,committed_len,rollout_index,seed,status,value,bucket,is_target,hit_token_cap,n_new_tokens
0,0.0,0,0,4167051127443120148,ok,112,0,0,0,15
0,0.0,0,1,1820120503363135253,ok,20,4,1,0,14
0,0.0,0,2,7340171565802171415,ok,112,0,0,0,15
0,0.0,0,3,7388000532533611404,ok,112,0,0,0,15
0,0.0,0,4,15066317311572085514,ok,20,4,1,0,14
0,0.0,0,5,11854505976432790288,ok,4,4,1,0,13
0,0.0,0,6,17592768761988523636,ok,72,0,0,0,14
0,0.0,0,7,10687641014139790232,ok,4,4,1,0,13
0,0.0,0,8,470065972256530957,ok,4,4,1,0,13
0,0.0,0,9,2932445922217965950,ok,4,4,1,0,13
0,0.0,0,10,12378408281568753221,ok,20,4,1,0,14
0,0.0,0,11,4736380878399228955,ok,12,4,1,0,14
0,0.0,0,12,8991837284968296547,ok,88,0,0,0,14
0,0.0,0,13,1114818503255001594,ok,88,0,0,0,14
0,0.0,0,14,13572957505323796284,ok,12,4,1,0,14
0,0.0,0,15,10191650094537526612,ok,4,4,1,0,13
0,0.0,0,16,10009836560917067867,ok,12,4,1,0,14
0,0.0,0,17,4901924730748592280,ok,4,4,1,0,13
0,0.0,0,18,4047573702882379586,ok,4,4,1,0,13
0,0.0,0,19,8213418857527092234,ok,4,4,1,0,13
0,0.0,0,20,17326069775480004180,ok,72,0,0,0,14
0,0.0,0,21,3848166654100853772,ok,532,4,1,0,15
0,0.0,0,22,8287120661282027436,ok,112,0,0,0,15
0,0.0,0,23,9648724819200515117,ok,532,4,1,0,15
0,0.0,0,24,6514592916368806461,ok,20,4,1,0,14
0,0.0,0,25,4388784829813243940,ok,88,0,0,0,14
0,0.0,0,26,8561968559981296859,ok,4,4,1,0,13
0,0.0,0,27,2396834691375372492,ok,88,0,0,0,14
0,0.0,0,28,16361781383420046180,ok,532,4,1,0,15
0,0.0,0,29,8398458244721139825,ok,20,4,1,0,14
0,0.0,0,30,8613204477008923574,ok,112,0,0,0,15
0,0.0,0,31,12112978963598358865,ok,20,4,1,0,14
0,0.0,0,32,14604688665015479631,ok,4,4,1,0,13
0,0.0,0,33,771909938368636808,ok,12,4,1,0,14
0,0.0,0,34,8087025961529315095,ok,20,4,1,0,14
0,0.0,0,35,7272967085124670269,ok,72,0,0,0,14
0,0.0,0,36,10544177289823077481,ok,88,0,0,0,14
0,0.0,0,37,16586860407748027071,ok,532,4,1,0,15
0,0.0,0,38,11694419449293412283,ok,4,4,1,0,13
0,0.0,0,39,2457656284249276711,ok,88,0,0,0,14
0,0.0,0,40,14132563144957259046,ok,112,0,0,0,15
0,0.0,0,41,2406359724613826473,ok,12,4,1,0,14
0,0.0,0,42,13323325984113908757,ok,4,4,1,0,13
0,0.0,0,43,4826482003231948886,ok,12,4,1,0,14
0,0.0,0,44,957549418064601441,ok,56,0,0,0,14
0,0.0,0,45,513514426509027268,ok,56,0,0,0,14
0,0.0,0,46,9732243230368456967,ok,12,4,1,0,14
0,0.0,0,47,10722553375634562280,ok,12,4,1,0,14
0,0.0,0,48,12197016530733144047,ok,532,4,1,0,15
0,0.0,0,49,6674191373943963616,ok,112,0,0,0,15
0,0.0,0,50,6092882538387848988,ok,88,0,0,0,14
0,0.0,0,51,3430921542477817000,ok,112,0,0,0,15
0,0.0,0,52,1627464940571175705,ok,532,4,1,0,15
0,0.0,0,53,13862813815962468332,ok,20,4,1,0,14
0,0.0,0,54,3812269632396433797,ok,20,4,1,0,14
0,0.0,0,55,10795903291914057270,ok,4,4,1,0,13
0,0.0,0,56,3924018761516271996,ok,56,0,0,0,14
0,0.0,0,57,713494508662174480,ok,12,4,1,0,14
0,0.0,0,58,16847981099942490249,ok,56,0,0,0,14
0,0.0,0,59,16235952716276293774,ok,532,4,1,0,15
0,0.0,0,60,15823029860055340059,ok,4,4,1,0,13
0,0.0,0,61,535133037222257515,ok,532,4,1,0,15
0,0.0,0,62,4676504338718667339,ok,4,4,1,0,13
0,0.0,0,63,18171271007540013588,ok,56,0,0,0,14
0,0.0,0,64,16404820699710520744,ok,532,4,1,0,15
0,0.0,0,65,6952712607256563394,ok,4,4,1,0,13
0,0.0,0,66,8451654205327079298,ok,112,0,0,0,15
0,0.0,0,67,1391635995876930118,ok,20,4,1,0,14
0,0.0,0,68,5211938459501935693,ok,532,4,1,0,15
0,0.0,0,69,4693173379788240507,ok,12,4,1,0,14
0,0.0,0,70,11052753372189304082,ok,20,4,1,0,14
0,0.0,0,71,884580809027288651,ok,20,4,1,0,14
0,0.0,0,72,1981089905199783313,ok,20,4,1,0,14
0,0.0,0,73,11437182935983379224,ok,56,0,0,0,14
0,0.0,0,74,13346726868138976292,ok,532,4,1,0,15
0,0.0,0,75,8776765724808605051,ok,20,4,1,0,14
0,0.0,0,76,11698686355069087561,ok,532,4,1,0,15
0,0.0,0,77,13792836790457554660,ok,4,4,1,0,13
0,0.0,0,78,4640070119093464013,ok,532,4,1,0,15
0,0.0,0,79,11852911745706912174,ok,4,4,1,0,13
0,0.0,0,80,738094780181353803,ok,20,4,1,0,14
0,0.0,0,81,17795059120207659548,ok,72,0,0,0,14
0,0.0,0,82,14000576620636551257,ok,88,0,0,0,14
0,0.0,0,83,10387959278580697779,ok,56,0,0,0,14
0,0.0,0,84,15919968813806364647,ok,4,4,1,0,13
0,0.0,0,85,13362283398509340257,ok,72,0,0,0,14
0,0.0,0,86,7805590750762987718,ok,56,0,0,0,14
0,0.0,0,87,13955082719002896308,ok,4,4,1,0,13
0,0.0,0,88,17814683270274222027,ok,20,4,1,0,14
0,0.0,0,89,15878870938766324968,ok,88,0,0,0,14
0,0.0,0,90,12070902709699870074,ok,532,4,1,0,15
0,0.0,0,91,10762606467869101383,ok,4,4,1,0,13
0,0.0,0,92,17027510854621890582,ok,4,4,1,0,13
0,0.0,0,93,12183738757864147215,ok,12,4,1,0,14
0,0.0,0,94,2532356311114465205,ok,532,4,1,0,15
0,0.0,0,95,12227156230642495048,ok,532,4,1,0,15
0,0.0,0,96,14995060867764823382,ok,56,0,0,0,14
0,0.0,0,97,8127413183798351789,ok,20,4,1,0,14
0,0.0,0,98,16663809966027288843,ok,532,4,1,0,15
0,0.0,0,99,6663519864602316485,ok,532,4,1,0,15
0,0.0,0,100,6789115519656020983,ok,20,4,1,0,14
0,0.0,0,101,12439079816460864044,ok,532,4,1,0,15
0,0.0,0,102,3750578664913358666,ok,112,0,0,0,15
0,0.0,0,103,4555692017690271232,ok,532,4,1,0,15
0,0.0,0,104,12197257365939038077,ok,56,0,0,0,14
0,0.0,0,105,13731265649302233744,ok,20,4,1,0,14
0,0.0,0,106,5984602180437419044,ok,532,4,1,0,15
0,0.0,0,107,1361404932950677741,ok,4,4,1,0,13
0,0.0,0,108,9393648888488734127,ok,20,4,1,0,14
0,0.0,0,109,8369064825255118585,ok,112,0,0,0,15
0,0.0,0,110,510118237194884140,ok,20,4,1,0,14
0,0.0,0,111,6663208014038832042,ok,4,4,1,0,13
0,0.0,0,112,15490578189249161155,ok,56,0,0,0,14
0,0.0,0,113,8095233915093657757,ok,12,4,1,0,14
0,0.0,0,114,17626564384331601752,ok,12,4,1,0,14
0,0.0,0,115,16025367892216478249,ok,4,4,1,0,13
0,0.0,0,116,15651866801579893769,ok,20,4,1,0,14
0,0.0,0,117,3401438751250723581,ok,12,4,1,0,14
0,0.0,0,118,7778318892920617193,ok,4,4,1,0,13
0,0.0,0,119,6703883120931611442,ok,532,4,1,0,15
0,0.0,0,120,15395300830098162047,ok,72,0,0,0,14
0,0.0,0,121,3358100270479941366,ok,12,4,1,0,14
0,0.0,0,122,6080248892108468447,ok,20,4,1,0,14
0,0.0,0,123,4289372323659094809,ok,532,4,1,0,15
0,0.0,0,124,7530895196434757094,ok,12,4,1,0,14
0,0.0,0,125,16970990487889449361,ok,12,4,1,0,14
0,0.0,0,126,5520921753348691941,ok,56,0,0,0,14
0,0.0,0,127,14728862845579361866,ok,4,4,1,0,13
1,0.25,38,0,12281524119733130675,ok,532,4,1,0,15
1,0.25,38,1,16103768092388499315,ok,532,4,1,0,15
1,0.25,38,2,6057058593042721089,ok,88,0,0,0,14
1,0.25,38,3,7048295509086105808,ok,56,0,0,0,14
1,0.25,38,4,15934987930463943591,ok,56,0,0,0,14
1,0.25,38,5,1654174940838540708,ok,56,0,0,0,14
1,0.25,38,6,11444228200068648323,ok,20,4,1,0,14
1,0.25,38,7,8654891885723278468,ok,532,4,1,0,15
1,0.25,38,8,17910430861601230272,ok,12,4,1,0,14
1,0.25,38,9,12517683201017420132,ok,20,4,1,0,14
1,0.25,38,10,12887276692443740232,ok,112,0,0,0,15
1,0.25,38,11,1210174262687660526,ok,56,0,0,0,14
1,0.25,38,12,7404354685839413017,ok,532,4,1,0,15
1,0.25,38,13,11898220851007525915,ok,88,0,0,0,14
1,0.25,38,14,10823458397583424788,ok,532,4,1,0,15
1,0.25,38,15,11407071527473167002,ok,88,0,0,0,14
1,0.25,38,16,18400925822723045124,ok,20,4,1,0,14
1,0.25,38,17,14485466922139084595,ok,72,0,0,0,14
1,0.25,38,18,16023056359920949228,ok,56,0,0,0,14
1,0.25,38,19,17839303812275023048,ok,20,4,1,0,14
1,0.25,38,20,13450965660022783661,ok,12,4,1,0,14
1,0.25,38,21,2117200451108541971,ok,4,4,1,0,13
1,0.25,38,22,17834427815050944499,ok,88,0,0,0,14
1,0.25,38,23,12938534571746432228,ok,72,0,0,0,14
1,0.25,38,24,9140138029968381265,ok,72,0,0,0,14
1,0.25,38,25,3610136702770103627,ok,56,0,0,0,14
1,0.25,38,26,7788323493170861976,ok,112,0,0,0,15
1,0.25,38,27,5871140432286252960,ok,112,0,0,0,15
1,0.25,38,28,7996069387493936591,ok,532,4,1,0,15
1,0.25,38,29,8722826242843022983,ok,4,4,1,0,13
1,0.25,38,30,3830986211421050674,ok,56,0,0,0,14
1,0.25,38,31,1060851260527066003,ok,12,4,1,0,14
1,0.25,38,32,3149639777960336187,ok,20,4,1,0,14
1,0.25,38,33,6577196152191134515,ok,12,4,1,0,14
1,0.25,38,34,5345904466659254861,ok,112,0,0,0,15
1,0.25,38,35,3956444628501236133,ok,56,0,0,0,14
1,0.25,38,36,15922591433091672213,ok,112,0,0,0,15
1,0.25,38,37,5543478264332435896,ok,532,4,1,0,15
1,0.25,38,38,313706734282436320,ok,112,0,0,0,15
1,0.25,38,39,1571404285214467705,ok,4,4,1,0,13
1,0.25,38,40,11703035457060933965,ok,56,0,0,0,14
1,0.25,38,41,16997006176144996518,ok,88,0,0,0,14
1,0.25,38,42,5050084893914483251,ok,56,0,0,0,14
1,0.25,38,43,2927247662152722719,ok,72,0,0,0,14
1,0.25,38,44,2047942702069842187,ok,72,0,0,0,14
1,0.25,38,45,10533640744338391008,ok,112,0,0,0,15
1,0.25,38,46,13534301868416831155,ok,4,4,1,0,13
1,0.25,38,47,15344457162736000126,ok,72,0,0,0,14
1,0.25,38,48,7119158475089020199,ok,532,4,1,0,15
1,0.25,38,49,16525827341245083806,ok,20,4,1,0,14
1,0.25,38,50,9797521163774627710,ok,20,4,1,0,14
1,0.25,38,51,915075854906455644,ok,56,0,0,0,14
1,0.25,38,52,17541675381664163113,ok,56,0,0,0,14
1,0.25,38,53,3986032396538889869,ok,112,0,0,0,15
1,0.25,38,54,4359276103024687415,ok,88,0,0,0,14
1,0.25,38,55,1549370790216723255,ok,56,0,0,0,14
1,0.25,38,56,9522709241600398097,ok,20,4,1,0,14
1,0.25,38,57,15834501111969247726,ok,56,0,0,0,14
1,0.25,38,58,13394755193677989733,ok,12,4,1,0,14
1,0.25,38,59,2955285883682916415,ok,56,0,0,0,14
1,0.25,38,60,2381271573448317343,ok,88,0,0,0,14
1,0.25,38,61,6456449588220325410,ok,112,0,0,0,15
1,0.25,38,62,18374857163640094854,ok,56,0,0,0,14
1,0.25,38,63,15994885160170286992,ok,4,4,1,0,13
1,0.25,38,64,16682274340378411887,ok,12,4,1,0,14
1,0.25,38,65,7940344795203887774,ok,88,0,0,0,14
1,0.25,38,66,6890731752854814119,ok,20,4,1,0,14
1,0.25,38,67,1811044892429684670,ok,20,4,1,0,14
1,0.25,38,68,3417892827323216460,ok,4,4,1,0,13
1,0.25,38,69,11148484053215199412,ok,88,0,0,0,14
1,0.25,38,70,12670760892734573674,ok,532,4,1,0,15
1,0.25,38,71,17832074808949363231,ok,112,0,0,0,15
1,0.25,38,72,12743491228445072933,ok,56,0,0,0,14
1,0.25,38,73,6560460045053822121,ok,88,0,0,0,14
1,0.25,38,74,3631674267427179190,ok,12,4,1,0,14
1,0.25,38,75,7723918157432938444,ok,56,0,0,0,14
1,0.25,38,76,7603508208478054519,ok,112,0,0,0,15
1,0.25,38,77,13034631721036975248,ok,56,0,0,0,14
1,0.25,38,78,8531371903297974538,ok,12,4,1,0,14
1,0.25,38,79,1659777610162848238,ok,88,0,0,0,14
1,0.25,38,80,8410229587750420441,ok,4,4,1,0,13
1,0.25,38,81,7476134121526171289,ok,72,0,0,0,14
1,0.25,38,82,834541949660114917,ok,72,0,0,0,14
1,0.25,38,83,17650603920686838380,ok,88,0,0,0,14
1,0.25,38,84,14518790472268009022,ok,532,4,1,0,15
1,0.25,38,85,12211854866621925637,ok,112,0,0,0,15
1,0.25,38,86,6695611180637722363,ok,88,0,0,0,14
1,0.25,38,87,7726746007884116632,ok,56,0,0,0,14
1,0.25,38,88,6031908768306397626,ok,88,0,0,0,14
1,0.25,38,89,18303670532488862902,ok,20,4,1,0,14
1,0.25,38,90,17813317852064128336,ok,56,0,0,0,14
1,0.25,38,91,8698951217046946212,ok,56,0,0,0,14
1,0.25,38,92,97780087214903239,ok,112,0,0,0,15
1,0.25,38,93,15264982702489810232,ok,532,4,1,0,15
1,0.25,38,94,981085988296854575,ok,4,4,1,0,13
1,0.25,38,95,7263939663667208216,ok,72,0,0,0,14
1,0.25,38,96,15542810840795437176,ok,20,4,1,0,14
1,0.25,38,97,14869867554559091958,ok,72,0,0,0,14
1,0.25,38,98,10258941813409494058,ok,72,0,0,0,14
1,0.25,38,99,9175165869489105716,ok,56,0,0,0,14
1,0.25,38,100,11066923417564168854,ok,56,0,0,0,14
1,0.25,38,101,5302955667141542214,ok,112,0,0,0,15
1,0.25,38,102,14776693145486097038,ok,532,4,1,0,15
1,0.25,38,103,18002990579543740881,ok,56,0,0,0,14
1,0.25,38,104,13372218666583506710,ok,532,4,1,0,15
1,0.25,38,105,4247365416416140161,ok,12,4,1,0,14
1,0.25,38,106,4124468916710542097,ok,88,0,0,0,14
1,0.25,38,107,479544004297748529,ok,56,0,0,0,14
1,0.25,38,108,7675489806470611686,ok,88,0,0,0,14
1,0.25,38,109,6869132030724839760,ok,20,4,1,0,14
1,0.25,38,110,4701700851274881092,ok,56,0,0,0,14
1,0.25,38,111,11736189411824509152,ok,532,4,1,0,15
1,0.25,38,112,16495955785537711043,ok,20,4,1,0,14
1,0.25,38,113,10370486983411628685,ok,12,4,1,0,14
1,0.25,38,114,1414499063739129226,ok,72,0,0,0,14
1,0.25,38,115,8382056060637973234,ok,56,0,0,0,14
1,0.25,38,116,14257149110864612827,ok,20,4,1,0,14
1,0.25,38,117,17233200579312731620,ok,20,4,1,0,14
1,0.25,38,118,9524655592728805202,ok,4,4,1,0,13
1,0.25,38,119,6837514860725055226,ok,56,0,0,0,14
1,0.25,38,120,10292452401432652010,ok,20,4,1,0,14
1,0.25,38,121,12986424622692852504,ok,12,4,1,0,14
1,0.25,38,122,4783736229284279343,ok,88,0,0,0,14
1,0.25,38,123,16376577939068737582,ok,88,0,0,0,14
1,0.25,38,124,10380903712686500951,ok,56,0,0,0,14
1,0.25,38,125,1826363597608904712,ok,56,0,0,0,14
1,0.25,38,126,9540854509499405332,ok,72,0,0,0,14
1,0.25,38,127,660479849218138722,ok,56,0,0,0,14
2,0.5,75,0,17840196646712511186,ok,112,0,0,0,15
2,0.5,75,1,5998042549791717961,ok,56,0,0,0,14
2,0.5,75,2,12295862465905439830,ok,72,0,0,0,14
2,0.5,75,3,15992906876436544913,ok,12,4,1,0,14
2,0.5,75,4,7672036595589707763,ok,88,0,0,0,14
2,0.5,75,5,14192767896090372853,ok,532,4,1,0,15
2,0.5,75,6,9212976238490791494,ok,56,0,0,0,14
2,0.5,75,7,5555573594057345753,ok,56,0,0,0,14
2,0.5,75,8,8885105059255607699,ok,88,0,0,0,14
2,0.5,75,9,8020146674883583861,ok,56,0,0,0,14
2,0.5,75,10,10712596556320673171,ok,72,0,0,0,14
2,0.5,75,11,11899289308524722622,ok,112,0,0,0,15
2,0.5,75,12,2123487570777730157,ok,12,4,1,0,14
2,0.5,75,13,18057616984216553867,ok,72,0,0,0,14
2,0.5,75,14,14300044363521727010,ok,4,4,1,0,13
2,0.5,75,15,18329700102363539635,ok,56,0,0,0,14
2,0.5,75,16,9538990689205825763,ok,56,0,0,0,14
2,0.5,75,17,14884981464911991915,ok,56,0,0,0,14
2,0.5,75,18,8643710927012896839,ok,56,0,0,0,14
2,0.5,75,19,18120935727499203242,ok,72,0,0,0,14
2,0.5,75,20,2737813601972433915,ok,112,0,0,0,15
2,0.5,75,21,4371626343242302466,ok,56,0,0,0,14
2,0.5,75,22,16082845091108477150,ok,72,0,0,0,14
2,0.5,75,23,17126651851778044085,ok,56,0,0,0,14
2,0.5,75,24,12463038183742476247,ok,56,0,0,0,14
2,0.5,75,25,10970195197790329171,ok,72,0,0,0,14
2,0.5,75,26,17342370736864866899,ok,56,0,0,0,14
2,0.5,75,27,12006087228807757606,ok,88,0,0,0,14
2,0.5,75,28,3101061759273784480,ok,532,4,1,0,15
2,0.5,75,29,1866494637526261793,ok,112,0,0,0,15
2,0.5,75,30,4312339631692821339,ok,20,4,1,0,14
2,0.5,75,31,11711456910646320621,ok,88,0,0,0,14
2,0.5,75,32,5742395767380624566,ok,72,0,0,0,14
2,0.5,75,33,11322663796521808937,ok,56,0,0,0,14
2,0.5,75,34,15523233781791257911,ok,88,0,0,0,14
2,0.5,75,35,16688497533417953553,ok,72,0,0,0,14
2,0.5,75,36,9079092185102149026,ok,112,0,0,0,15
2,0.5,75,37,7089425656539983243,ok,56,0,0,0,14
2,0.5,75,38,2317136636845656693,ok,56,0,0,0,14
2,0.5,75,39,16885502057325899466,ok,56,0,0,0,14
2,0.5,75,40,7049569082330697985,ok,72,0,0,0,14
2,0.5,75,41,1011452489924211766,ok,72,0,0,0,14
2,0.5,75,42,2369730607604196026,ok,112,0,0,0,15
2,0.5,75,43,12646161404631443197,ok,88,0,0,0,14
2,0.5,75,44,2753752251291986414,ok,56,0,0,0,14
2,0.5,75,45,7797328710408772230,ok,88,0,0,0,14
2,0.5,75,46,15435253250750852960,ok,56,0,0,0,14
2,0.5,75,47,4607472569818127268,ok,112,0,0,0,15
2,0.5,75,48,11429872849469156375,ok,56,0,0,0,14
2,0.5,75,49,13743845068222493584,ok,56,0,0,0,14
2,0.5,75,50,15521287659954150763,ok,20,4,1,0,14
2,0.5,75,51,11372580383650063789,ok,12,4,1,0,14
2,0.5,75,52,13762244901265790696,ok,56,0,0,0,14
2,0.5,75,53,2213081363653941173,ok,72,0,0,0,14
2,0.5,75,54,10945367028491887848,ok,112,0,0,0,15
2,0.5,75,55,6604594315681700519,ok,4,4,1,0,13
2,0.5,75,56,17943359926799228062,ok,88,0,0,0,14
2,0.5,75,57,8791753955234691511,ok,56,0,0,0,14
2,0.5,75,58,14189968546741739533,ok,72,0,0,0,14
2,0.5,75,59,2734925073221370361,ok,12,4,1,0,14
2,0.5,75,60,3574271008668411011,ok,56,0,0,0,14
2,0.5,75,61,1742710704033208827,ok,88,0,0,0,14
2,0.5,75,62,16761451081871391133,ok,56,0,0,0,14
2,0.5,75,63,6780911984427467021,ok,532,4,1,0,15
2,0.5,75,64,3826805124384803742,ok,88,0,0,0,14
2,0.5,75,65,1586609440145179193,ok,56,0,0,0,14
2,0.5,75,66,12317343030272262041,ok,12,4,1,0,14
2,0.5,75,67,16469907485446750304,ok,532,4,1,0,15
2,0.5,75,68,7212398086099081573,ok,72,0,0,0,14
2,0.5,75,69,13017619151946862293,ok,56,0,0,0,14
2,0.5,75,70,5852078529042345464,ok,12,4,1,0,14
2,0.5,75,71,11688689942057640608,ok,88,0,0,0,14
2,0.5,75,72,4138480401739349870,ok,56,0,0,0,14
2,0.5,75,73,1712061568003938280,ok,112,0,0,0,15
2,0.5,75,74,18280150767512276255,ok,72,0,0,0,14
2,0.5,75,75,4342442708160554590,ok,88,0,0,0,14
2,0.5,75,76,11114097666696252350,ok,20,4,1,0,14
2,0.5,75,77,14279168335373306856,ok,112,0,0,0,15
2,0.5,75,78,17353950944652015871,ok,532,4,1,0,15
2,0.5,75,79,3644516139214898419,ok,56,0,0,0,14
2,0.5,75,80,18237268788174556840,ok,56,0,0,0,14
2,0.5,75,81,17540372144087220428,ok,88,0,0,0,14
2,0.5,75,82,13134710770914063046,ok,56,0,0,0,14
2,0.5,75,83,4667378866048579782,ok,12,4,1,0,14
2,0.5,75,84,6831322344158533343,ok,56,0,0,0,14
2,0.5,75,85,4773914699079009828,ok,4,4,1,0,13
2,0.5,75,86,4862769590203261225,ok,88,0,0,0,14
2,0.5,75,87,15766299050838222182,ok,56,0,0,0,14
2,0.5,75,88,6524384300686247532,ok,56,0,0,0,14
2,0.5,75,89,871180251963469865,ok,56,0,0,0,14
2,0.5,75,90,2141265387488987494,ok,112,0,0,0,15
2,0.5,75,91,16967102783874323194,ok,72,0,0,0,14
2,0.5,75,92,14658769542104271461,ok,56,0,0,0,14
2,0.5,75,93,18316130012018962218,ok,56,0,0,0,14
2,0.5,75,94,5935865306551935684,ok,112,0,0,0,15
2,0.5,75,95,16903407568163094758,ok,56,0,0,0,14
2,0.5,75,96,10960076498015906011,ok,56,0,0,0,14
2,0.5,75,97,4493551175753729242,ok,88,0,0,0,14
2,0.5,75,98,10678442339315979904,ok,56,0,0,0,14
2,0.5,75,99,7264713343787118217,ok,72,0,0,0,14
2,0.5,75,100,13181598308809765603,ok,56,0,0,0,14
2,0.5,75,101,18019918287214587088,ok,56,0,0,0,14
2,0.5,75,102,10665626643295790194,ok,72,0,0,0,14
2,0.5,75,103,2579038742165255596,ok,12,4,1,0,14
2,0.5,75,104,15090027295412181168,ok,56,0,0,0,14
2,0.5,75,105,14488759420540352956,ok,56,0,0,0,14
2,0.5,75,106,15277072805404705597,ok,88,0,0,0,14
2,0.5,75,107,875602237025828365,ok,56,0,0,0,14
2,0.5,75,108,6338391159289633953,ok,56,0,0,0,14
2,0.5,75,109,5995645024558373600,ok,56,0,0,0,14
2,0.5,75,110,14969585008774287187,ok,56,0,0,0,14
2,0.5,75,111,3808178214266729785,ok,72,0,0,0,14
2,0.5,75,112,5123993688382657739,ok,88,0,0,0,14
2,0.5,75,113,14915381225457768965,ok,56,0,0,0,14
2,0.5,75,114,2905022587520315987,ok,12,4,1,0,14
2,0.5,75,115,8686313607945506591,ok,56,0,0,0,14
2,0.5,75,116,16298886391415003396,ok,56,0,0,0,14
2,0.5,75,117,2210154049299869949,ok,112,0,0,0,15
2,0.5,75,118,4470900810948383851,ok,56,0,0,0,14
2,0.5,75,119,3140805016533049461,ok,88,0,0,0,14
2,0.5,75,120,3484136553634927928,ok,72,0,0,0,14
2,0.5,75,121,11985153018191089251,ok,56,0,0,0,14
2,0.5,75,122,12115862742659619071,ok,12,4,1,0,14
2,0.5,75,123,12117986276064115521,ok,56,0,0,0,14
2,0.5,75,124,1744231526101542646,ok,56,0,0,0,14
2,0.5,75,125,4513774624285865365,ok,72,0,0,0,14
2,0.5,75,126,7459279976408736088,ok,112,0,0,0,15
2,0.5,75,127,10252849389988536216,ok,56,0,0,0,14
3,0.75,112,0,15424265176935395036,ok,56,0,0,0,14
3,0.75,112,1,4926456771980455254,ok,88,0,0,0,14
3,0.75,112,2,7639406177466931784,ok,88,0,0,0,14
3,0.75,112,3,15076065136142772987,ok,72,0,0,0,14
3,0.75,112,4,15634766325701884510,ok,56,0,0,0,14
3,0.75,112,5,6763951401760350572,ok,56,0,0,0,14
3,0.75,112,6,4752228269670406901,ok,72,0,0,0,14
3,0.75,112,7,1607374650762762222,ok,88,0,0,0,14
3,0.75,112,8,11945636189148167530,ok,72,0,0,0,14
3,0.75,112,9,11205652705452575788,ok,72,0,0,0,14
3,0.75,112,10,12618497241373674141,ok,532,4,1,0,15
3,0.75,112,11,17680911273624760926,ok,72,0,0,0,14
3,0.75,112,12,16179421110111913785,ok,88,0,0,0,14
3,0.75,112,13,11188363931925838936,ok,72,0,0,0,14
3,0.75,112,14,13137559931671620737,ok,72,0,0,0,14
3,0.75,112,15,9039864694714218831,ok,56,0,0,0,14
3,0.75,112,16,9728853076941301194,ok,112,0,0,0,15
3,0.75,112,17,10558062540614046239,ok,112,0,0,0,15
3,0.75,112,18,15238582418812962494,ok,56,0,0,0,14
3,0.75,112,19,17868196960556916855,ok,88,0,0,0,14
3,0.75,112,20,1868418912875687542,ok,56,0,0,0,14
3,0.75,112,21,2792729181803431784,ok,56,0,0,0,14
3,0.75,112,22,8002011769333519569,ok,72,0,0,0,14
3,0.75,112,23,11833666170132833962,ok,72,0,0,0,14
3,0.75,112,24,10658930257507953565,ok,88,0,0,0,14
3,0.75,112,25,2241402623287713828,ok,72,0,0,0,14
3,0.75,112,26,9573672308760386413,ok,112,0,0,0,15
3,0.75,112,27,2033673323411871399,ok,56,0,0,0,14
3,0.75,112,28,2374877343332722502,ok,56,0,0,0,14
3,0.75,112,29,3121059858276995686,ok,72,0,0,0,14
3,0.75,112,30,12777331873263624131,ok,88,0,0,0,14
3,0.75,112,31,9229441474365672464,ok,4,4,1,0,13
3,0.75,112,32,7659993614256385659,ok,56,0,0,0,14
3,0.75,112,33,2658925951074052986,ok,56,0,0,0,14
3,0.75,112,34,3451891425206182162,ok,56,0,0,0,14
3,0.75,112,35,16195123219795608725,ok,112,0,0,0,15
3,0.75,112,36,10785093730542879344,ok,532,4,1,0,15
3,0.75,112,37,10020576364831526045,ok,112,0,0,0,15
3,0.75,112,38,8930154115549599910,ok,56,0,0,0,14
3,0.75,112,39,6072328074899387486,ok,56,0,0,0,14
3,0.75,112,40,9705608735503457182,ok,56,0,0,0,14
3,0.75,112,41,15227865553095973001,ok,72,0,0,0,14
3,0.75,112,42,12566665820841298696,ok,56,0,0,0,14
3,0.75,112,43,4750017957884219548,ok,532,4,1,0,15
3,0.75,112,44,250823980720846168,ok,56,0,0,0,14
3,0.75,112,45,17772909003108800484,ok,56,0,0,0,14
3,0.75,112,46,15386766252067990322,ok,56,0,0,0,14
3,0.75,112,47,6245860371235639623,ok,4,4,1,0,13
3,0.75,112,48,17990086279457818803,ok,56,0,0,0,14
3,0.75,112,49,13662260496249875109,ok,56,0,0,0,14
3,0.75,112,50,5309620158880611925,ok,112,0,0,0,15
3,0.75,112,51,8311827135341838781,ok,72,0,0,0,14
3,0.75,112,52,5743324444432252439,ok,56,0,0,0,14
3,0.75,112,53,9393071057682832404,ok,72,0,0,0,14
3,0.75,112,54,16643851855097410875,ok,56,0,0,0,14
3,0.75,112,55,10839935417619041325,ok,88,0,0,0,14
3,0.75,112,56,14246017288161434776,ok,12,4,1,0,14
3,0.75,112,57,1223845251138538705,ok,72,0,0,0,14
3,0.75,112,58,1935045611480383174,ok,112,0,0,0,15
3,0.75,112,59,11207844911170898108,ok,112,0,0,0,15
3,0.75,112,60,16667419042148764676,ok,88,0,0,0,14
3,0.75,112,61,1942722288454936631,ok,56,0,0,0,14
3,0.75,112,62,13407955568687087717,ok,56,0,0,0,14
3,0.75,112,63,4068850004533243076,ok,56,0,0,0,14
3,0.75,112,64,7012899046531406946,ok,56,0,0,0,14
3,0.75,112,65,4525429048914438093,ok,56,0,0,0,14
3,0.75,112,66,10060830493468389932,ok,88,0,0,0,14
3,0.75,112,67,1007191255667449969,ok,112,0,0,0,15
3,0.75,112,68,887780859056632399,ok,56,0,0,0,14
3,0.75,112,69,10721808722917231158,ok,112,0,0,0,15
3,0.75,112,70,1223436284177431961,ok,72,0,0,0,14
3,0.75,112,71,17797569938978383660,ok,532,4,1,0,15
3,0.75,112,72,17918067720287604424,ok,88,0,0,0,14
3,0.75,112,73,11304466649014672077,ok,88,0,0,0,14
3,0.75,112,74,10695422257631573700,ok,112,0,0,0,15
3,0.75,112,75,13099375022768019815,ok,112,0,0,0,15
3,0.75,112,76,3387330798985104705,ok,72,0,0,0,14
3,0.75,112,77,7546838478789184701,ok,56,0,0,0,14
3,0.75,112,78,15481864951825857439,ok,56,0,0,0,14
3,0.75,112,79,11756403077650367053,ok,532,4,1,0,15
3,0.75,112,80,10229753024850795109,ok,56,0,0,0,14
3,0.75,112,81,4006565443845226816,ok,112,0,0,0,15
3,0.75,112,82,17920591554409075272,ok,56,0,0,0,14
3,0.75,112,83,9829692008586318039,ok,56,0,0,0,14
3,0.75,112,84,4505236289815088184,ok,56,0,0,0,14
3,0.75,112,85,10158240842477804980,ok,88,0,0,0,14
3,0.75,112,86,4092572538943843331,ok,88,0,0,0,14
3,0.75,112,87,14753199698119473201,ok,88,0,0,0,14
3,0.75,112,88,15428750934139091283,ok,72,0,0,0,14
3,0.75,112,89,5629081336141034349,ok,72,0,0,0,14
3,0.75,112,90,14291636687336289386,ok,112,0,0,0,15
3,0.75,112,91,6942342524588164416,ok,56,0,0,0,14
3,0.75,112,92,9419378005500406650,ok,88,0,0,0,14
3,0.75,112,93,4616327066163055685,ok,20,4,1,0,14
3,0.75,112,94,7669094582647704024,ok,56,0,0,0,14
3,0.75,112,95,4009890090169108607,ok,56,0,0,0,14
3,0.75,112,96,11705590267281679674,ok,88,0,0,0,14
3,0.75,112,97,16725002393403940800,ok,532,4,1,0,15
3,0.75,112,98,10326819857894165108,ok,88,0,0,0,14
3,0.75,112,99,15283506906815057724,ok,56,0,0,0,14
3,0.75,112,100,16097153745800580029,ok,88,0,0,0,14
3,0.75,112,101,2846467705750208305,ok,4,4,1,0,13
3,0.75,112,102,11842710519397391971,ok,56,0,0,0,14
3,0.75,112,103,648062545502754189,ok,56,0,0,0,14
3,0.75,112,104,11663282634928478271,ok,4,4,1,0,13
3,0.75,112,105,9149660733035155185,ok,72,0,0,0,14
3,0.75,112,106,17831596338963221539,ok,56,0,0,0,14
3,0.75,112,107,2213826093071023853,ok,72,0,0,0,14
3,0.75,112,108,299153092759994183,ok,4,4,1,0,13
3,0.75,112,109,13378085093860300870,ok,12,4,1,0,14
3,0.75,112,110,10522205157590265237,ok,56,0,0,0,14
3,0.75,112,111,17445059401371118086,ok,56,0,0,0,14
3,0.75,112,112,11497392911302361760,ok,56,0,0,0,14
3,0.75,112,113,11871659799218961978,ok,56,0,0,0,14
3,0.75,112,114,8940005372517841633,ok,88,0,0,0,14
3,0.75,112,115,9811823246163244590,ok,56,0,0,0,14
3,0.75,112,116,1288977157320463680,ok,56,0,0,0,14
3,0.75,112,117,13998872494908878181,ok,56,0,0,0,14
3,0.75,112,118,5881025262173231138,ok,56,0,0,0,14
3,0.75,112,119,14582143393229701454,ok,72,0,0,0,14
3,0.75,112,120,13637806318593947709,ok,88,0,0,0,14
3,0.75,112,121,6999656580049552758,ok,88,0,0,0,14
3,0.75,112,122,8375541214765211718,ok,56,0,0,0,14
3,0.75,112,123,11199391843150329157,ok,56,0,0,0,14
3,0.75,112,124,11082644729667492482,ok,56,0,0,0,14
3,0.75,112,125,16356032148072891725,ok,56,0,0,0,14
3,0.75,112,126,5844473607848406754,ok,56,0,0,0,14
3,0.75,112,127,8053663554937091841,ok,72,0,0,0,14
4,1.0,150,0,14950701315251503078,ok,56,0,0,0,14
4,1.0,150,1,9049126113618309642,ok,72,0,0,0,14
4,1.0,150,2,17002771424131775182,ok,112,0,0,0,15
4,1.0,150,3,4172579055717348334,ok,112,0,0,0,15
4,1.0,150,4,18183592558339036412,ok,56,0,0,0,14
4,1.0,150,5,16187553835405721740,ok,112,0,0,0,15
4,1.0,150,6,10190479571463835963,ok,88,0,0,0,14
4,1.0,150,7,16575969629292357882,ok,112,0,0,0,15
4,1.0,150,8,3551242889383231355,ok,56,0,0,0,14
4,1.0,150,9,5828825231567730986,ok,56,0,0,0,14
4,1.0,150,10,16840577981870420889,ok,72,0,0,0,14
4,1.0,150,11,3588801222321126123,ok,112,0,0,0,15
4,1.0,150,12,302815378575858906,ok,12,4,1,0,14
4,1.0,150,13,9808742228917188504,ok,56,0,0,0,14
4,1.0,150,14,14219364886125267157,ok,56,0,0,0,14
4,1.0,150,15,13645022072674801514,ok,112,0,0,0,15
4,1.0,150,16,11739616051942303827,ok,72,0,0,0,14
4,1.0,150,17,11762596494281817311,ok,112,0,0,0,15
4,1.0,150,18,3302619096260159741,ok,72,0,0,0,14
4,1.0,150,19,567085974186875540,ok,112,0,0,0,15
4,1.0,150,20,12185412557300687198,ok,56,0,0,0,14
4,1.0,150,21,15218967472728847657,ok,56,0,0,0,14
4,1.0,150,22,18139004439016768247,ok,4,4,1,0,13
4,1.0,150,23,301838213563040634,ok,88,0,0,0,14
4,1.0,150,24,4285595774182966323,ok,72,0,0,0,14
4,1.0,150,25,10491897196742455414,ok,56,0,0,0,14
4,1.0,150,26,1596604476514737711,ok,112,0,0,0,15
4,1.0,150,27,3076331841334581803,ok,88,0,0,0,14
4,1.0,150,28,6471978590541947606,ok,56,0,0,0,14
4,1.0,150,29,2385482621571665645,ok,72,0,0,0,14
4,1.0,150,30,6433008018025047496,ok,112,0,0,0,15
4,1.0,150,31,14016828127906733648,ok,72,0,0,0,14
4,1.0,150,32,5005762356146840492,ok,72,0,0,0,14
4,1.0,150,33,2272143166227766524,ok,56,0,0,0,14
4,1.0,150,34,5306772375792950381,ok,56,0,0,0,14
4,1.0,150,35,13210000696756404705,ok,56,0,0,0,14
4,1.0,150,36,2492709793835717101,ok,56,0,0,0,14
4,1.0,150,37,7045567539310571470,ok,56,0,0,0,14
4,1.0,150,38,16862830821187822629,ok,56,0,0,0,14
4,1.0,150,39,2749343737922813516,ok,88,0,0,0,14
4,1.0,150,40,15971353580275201981,ok,56,0,0,0,14
4,1.0,150,41,9373115889861682497,ok,88,0,0,0,14
4,1.0,150,42,7889515555117111225,ok,72,0,0,0,14
4,1.0,150,43,2578986431110206234,ok,72,0,0,0,14
4,1.0,150,44,16977621521943121560,ok,56,0,0,0,14
4,1.0,150,45,15763578257754409542,ok,56,0,0,0,14
4,1.0,150,46,1301084652361281805,ok,56,0,0,0,14
4,1.0,150,47,7281354450174382951,ok,112,0,0,0,15
4,1.0,150,48,4307410402772111522,ok,56,0,0,0,14
4,1.0,150,49,180317699006972568,ok,112,0,0,0,15
4,1.0,150,50,7723314960971969384,ok,72,0,0,0,14
4,1.0,150,51,3585593568290484643,ok,112,0,0,0,15
4,1.0,150,52,17893310227001820677,ok,112,0,0,0,15
4,1.0,150,53,5197712790987720483,ok,88,0,0,0,14
4,1.0,150,54,11581985020007689265,ok,88,0,0,0,14
4,1.0,150,55,8452706535179270898,ok,56,0,0,0,14
4,1.0,150,56,2633248666248514867,ok,112,0,0,0,15
4,1.0,150,57,13444232195210075063,ok,56,0,0,0,14
4,1.0,150,58,16216801987970659874,ok,88,0,0,0,14
4,1.0,150,59,6917911408635348064,ok,112,0,0,0,15
4,1.0,150,60,7077827021650123187,ok,20,4,1,0,14
4,1.0,150,61,17912741333280722599,ok,112,0,0,0,15
4,1.0,150,62,18327937551753450344,ok,56,0,0,0,14
4,1.0,150,63,17870557264793673174,ok,56,0,0,0,14
4,1.0,150,64,16801027838610590244,ok,56,0,0,0,14
4,1.0,150,65,8902056764623336092,ok,532,4,1,0,15
4,1.0,150,66,5156901880250266337,ok,72,0,0,0,14
4,1.0,150,67,18274009213919400094,ok,532,4,1,0,15
4,1.0,150,68,18408971956927749885,ok,88,0,0,0,14
4,1.0,150,69,16961451515141600849,ok,56,0,0,0,14
4,1.0,150,70,6351481245083995816,ok,56,0,0,0,14
4,1.0,150,71,8243967418290297761,ok,56,0,0,0,14
4,1.0,150,72,18355129359369899229,ok,112,0,0,0,15
4,1.0,150,73,3759849490719666487,ok,112,0,0,0,15
4,1.0,150,74,15541251558535302452,ok,88,0,0,0,14
4,1.0,150,75,5504401803264906789,ok,56,0,0,0,14
4,1.0,150,76,9171192341394684162,ok,56,0,0,0,14
4,1.0,150,77,16809903432079071817,ok,56,0,0,0,14
4,1.0,150,78,6817519458978108224,ok,72,0,0,0,14
4,1.0,150,79,12821587921151927458,ok,112,0,0,0,15
4,1.0,150,80,16638794822340462915,ok,56,0,0,0,14
4,1.0,150,81,16828452505773292053,ok,88,0,0,0,14
4,1.0,150,82,13578046479695656069,ok,56,0,0,0,14
4,1.0,150,83,4708518684792752996,ok,56,0,0,0,14
4,1.0,150,84,10263547804298319037,ok,88,0,0,0,14
4,1.0,150,85,11111795080472295724,ok,20,4,1,0,14
4,1.0,150,86,13146937466029015635,ok,112,0,0,0,15
4,1.0,150,87,1552099031418443599,ok,112,0,0,0,15
4,1.0,150,88,11491365171108552449,ok,112,0,0,0,15
4,1.0,150,89,6187196684658452193,ok,56,0,0,0,14
4,1.0,150,90,8763532256089114268,ok,112,0,0,0,15
4,1.0,150,91,8638537555538748391,ok,56,0,0,0,14
4,1.0,150,92,7370222369541480021,ok,88,0,0,0,14
4,1.0,150,93,14356525019916432736,ok,88,0,0,0,14
4,1.0,150,94,5606217536838334882,ok,56,0,0,0,14
4,1.0,150,95,6500585655004747446,ok,56,0,0,0,14
4,1.0,150,96,13615946960315900040,ok,56,0,0,0,14
4,1.0,150,97,12350799557122977375,ok,112,0,0,0,15
4,1.0,150,98,14674632114332760997,ok,56,0,0,0,14
4,1.0,150,99,5264552143539625055,ok,88,0,0,0,14
4,1.0,150,100,17266753434455973733,ok,4,4,1,0,13
4,1.0,150,101,17194921129392104993,ok,56,0,0,0,14
4,1.0,150,102,15116901014638573797,ok,88,0,0,0,14
4,1.0,150,103,4601961867680744260,ok,56,0,0,0,14
4,1.0,150,104,10066750718852714663,ok,88,0,0,0,14
4,1.0,150,105,8618658553136542369,ok,56,0,0,0,14
4,1.0,150,106,3110358628088334614,ok,56,0,0,0,14
4,1.0,150,107,15950028095411183077,ok,56,0,0,0,14
4,1.0,150,108,5191953121945808720,ok,112,0,0,0,15
4,1.0,150,109,14422109600953118818,ok,56,0,0,0,14
4,1.0,150,110,14764059213134055027,ok,56,0,0,0,14
4,1.0,150,111,9601987923236212610,ok,72,0,0,0,14
4,1.0,150,112,10782095530169203916,ok,72,0,0,0,14
4,1.0,150,113,12741069400483858326,ok,72,0,0,0,14
4,1.0,150,114,4660724592636145760,ok,56,0,0,0,14
4,1.0,150,115,18070441892498816542,ok,56,0,0,0,14
4,1.0,150,116,4660965814831505916,ok,56,0,0,0,14
4,1.0,150,117,10528587438126778404,ok,112,0,0,0,15
4,1.0,150,118,15126282891753850243,ok,56,0,0,0,14
4,1.0,150,119,3924479231147372066,ok,56,0,0,0,14
4,1.0,150,120,13121122305763584148,ok,56,0,0,0,14
4,1.0,150,121,6083062357748968741,ok,56,0,0,0,14
4,1.0,150,122,11540341726135192572,ok,56,0,0,0,14
4,1.0,150,123,6889400203769201939,ok,72,0,0,0,14
4,1.0,150,124,7000249273068403446,ok,56,0,0,0,14
4,1.0,150,125,11915521591574112256,ok,88,0,0,0,14
4,1.0,150,126,11744922003712269975,ok,56,0,0,0,14
4,1.0,150,127,10185384001099281201,ok,56,0,0,0,14
